,Sample,Lineage Name,Lineage Number,Frequency
0,YA00585740,Indo-Oceanic,lineage1,98.67601448474001
1,YA00585740,Indo-Oceanic,lineage1.1,99.05374499714
2,YA00585740,Indo-Oceanic,lineage1.1.3,99.10121708892
3,YA00585740,Indo-Oceanic,lineage1.1.3.1,99.35995903738
17,YA00585702,East-Asian,lineage2,98.58540255283
18,YA00585702,East-Asian (Beijing),lineage2.2,98.63848451420999
19,YA00585702,East-Asian (Beijing),lineage2.2.1,99.23776500993333
33,YA00585727,Euro-American,lineage4.1,98.45640259894
34,YA00585727,Euro-American (X-type),lineage4.1.1,98.35794271438
48,YA00585711,Euro-American (LAM),lineage4.3,98.64028933475001
49,YA00585711,Euro-American (LAM),lineage4.3.3,98.33087165662
56,YA00585736,East-Asian,lineage2,98.73200764747
57,YA00585736,East-Asian (Beijing),lineage2.2,99.36025012668999
58,YA00585736,East-Asian (Beijing),lineage2.2.1,99.47125851005555
65,YA00585705,Indo-Oceanic,lineage1,98.92509050403001
76,YA00585705,Indo-Oceanic,lineage1.2.2,99.12968161901999
77,YA00585705,Indo-Oceanic,lineage1.2.2.2,99.21758241758
82,YA00585701,East-Asian,lineage2,98.98527162927999
83,YA00585701,East-Asian (Beijing),lineage2.2,98.94447706349999
84,YA00585701,East-Asian (Beijing),lineage2.2.1,99.2311438524
98,YA00585728,Euro-American,lineage4.1,99.36290766099
99,YA00585728,Euro-American (X-type),lineage4.1.1,99.13202600899
108,YA00585733,East-Asian,lineage2,99.07926532461
109,YA00585733,East-Asian (Beijing),lineage2.2,99.18444406998
110,YA00585733,East-Asian (Beijing),lineage2.2.1,98.91757948048888
121,YA00585699,East-Asian,lineage2,98.70710363898999
122,YA00585699,East-Asian (Beijing),lineage2.2,98.48591411588
123,YA00585699,East-Asian (Beijing),lineage2.2.1,99.40717175287779
130,YA00585717,Indo-Oceanic,lineage1,99.27490629143
131,YA00585717,Indo-Oceanic,lineage1.1,98.58012496383
132,YA00585717,Indo-Oceanic,lineage1.1.3,99.39050101752
133,YA00585717,Indo-Oceanic,lineage1.1.3.1,99.59811826102
147,YA00585709,East-Asian,lineage2,98.49005294287
148,YA00585709,East-Asian (Beijing),lineage2.2,98.20571766475
149,YA00585709,East-Asian (Beijing),lineage2.2.1,99.31397005528889
163,YA00585742,Euro-American,lineage4.1,98.46305314329
164,YA00585742,Euro-American (X-type),lineage4.1.1,98.50212948741
173,YA00585715,East-Asian,lineage2,98.98675650496
174,YA00585715,East-Asian (Beijing),lineage2.2,99.10619014056999
175,YA00585715,East-Asian (Beijing),lineage2.2.1,98.38023586865556
186,YA00585720,East-Asian,lineage2,99.0251109129
187,YA00585720,East-Asian (Beijing),lineage2.2,98.93035822479
188,YA00585720,East-Asian (Beijing),lineage2.2.1,98.6986624569
199,YA00585735,East-Asian,lineage2,98.98084896849
200,YA00585735,East-Asian (Beijing),lineage2.2,99.00106764832
201,YA00585735,East-Asian (Beijing),lineage2.2.1,98.85981785363333
